"Expense Type",Description,"Expense Amount","Expense Date","Expense Files","Expense Loan#","Bank Account"
"Grove Park Finance Commission",,1500.00,05/06/2019,,1000001,"Starling Bank"
"Grove Park Finance Commission",,750.00,30/09/2019,,1000002,"Starling Bank"
"Grove Park Finance Commission",,1500.00,15/11/2019,,1000007,"Starling Bank"
"Grove Park Finance Commission",,1500.00,18/01/2020,,1000003,"Starling Bank"
"Grove Park Finance Commission",,1500.00,17/02/2020,,1000004,"Starling Bank"
"Grove Park Finance Commission",,1500.00,27/02/2020,,1000005,"Starling Bank"
"Grove Park Finance Commission",,1500.00,17/04/2020,,1000006,"Starling Bank"
"Grove Park Finance Commission",,1500.00,17/04/2020,,1000008,"Starling Bank"
"Grove Park Finance Commission",,1500.00,28/07/2020,,1000009,"Starling Bank"
"Grove Park Finance Commission",,1500.00,10/08/2020,,1000010,"Starling Bank"
"Legal and Professional Fees","CGA Accoutant",360.00,01/03/2019,,N/A,"Starling Bank"
"Legal and Professional Fees",Clarion,20.00,22/05/2019,,N/A,"Starling Bank"
"Legal and Professional Fees",Clarion,40.00,24/10/2019,,N/A,"Starling Bank"
"Legal and Professional Fees","CGA Accoutant",113.00,15/11/2019,,N/A,"Starling Bank"
Miscellaneous,General,40.00,20/12/2019,,N/A,"Starling Bank"
"Computer Software",Google,23.46,01/03/2020,,N/A,"Starling Bank"
"Computer Software",Google,23.46,02/04/2020,,N/A,"Starling Bank"
"Computer Software",Google,23.47,01/05/2020,,N/A,"Starling Bank"
"Computer Software",Google,23.46,02/06/2020,,N/A,"Starling Bank"
"Legal and Professional Fees","CGA Accoutant",20.00,29/06/2020,,N/A,"Starling Bank"
"Computer Software",Google,23.46,03/07/2020,,N/A,"Starling Bank"
"Computer Software",Google,23.46,01/08/2020,,N/A,"Starling Bank"
"Computer Software",Google,23.46,02/09/2020,,N/A,"Starling Bank"
"Computer Software","Google ",23.46,02/10/2020,,N/A,"Starling Bank"
"Computer Software",Loandisk,69.70,21/10/2020,,N/A,"Starling Bank"
"Grove Park Finance Commission",,1500.00,31/10/2020,,1000011,"Starling Bank"
"Computer Software",Google,27.34,01/11/2020,,N/A,"Starling Bank"
"Computer Software","sp34 hosting fees",42.40,05/11/2020,,N/A,"Starling Bank"
"Computer Software","Loandisk subscription",68.19,20/11/2020,,N/A,"Starling Bank"
"Legal and Professional Fees","CGA Accountant fees",960.00,01/12/2020,,N/A,"Starling Bank"
"Computer Software",Google,27.60,03/12/2020,,N/A,"Starling Bank"
"Grove Park Finance Commission",,1500.00,04/12/2020,,1000012,"Starling Bank"
"ADW Enterprises Ltd (Interest)",,10687.67,11/02/2020,,1000007,"Starling Bank"
"ADW Enterprises Ltd (Interest)",,2709.57,24/02/2020,,1000004,"Starling Bank"
"ADW Enterprises Ltd (Interest)",,2056.85,28/02/2020,,1000002,"Starling Bank"
"ADW Enterprises Ltd (Interest)",,4123.29,30/03/2020,,1000005,"Starling Bank"
"ADW Enterprises Ltd (Interest)",,1182.82,01/04/2020,,1000004,"Starling Bank"
"ADW Enterprises Ltd (Interest)",,700.60,01/04/2020,,1000002,"Starling Bank"
"ADW Enterprises Ltd (Interest)",,3416.44,01/05/2020,,1000005,"Starling Bank"
"ADW Enterprises Ltd (Interest)",,1791.64,01/05/2020,,1000004,"Starling Bank"
"ADW Enterprises Ltd (Interest)",,438.36,01/05/2020,,1000006,"Starling Bank"
"ADW Enterprises Ltd (Interest)",,655.48,01/05/2020,,1000002,"Starling Bank"
"ADW Enterprises Ltd (Interest)",,3534.25,04/06/2020,,1000004,"Starling Bank"
"ADW Enterprises Ltd (Interest)",,3706.85,04/06/2020,,1000004,"Starling Bank"
"ADW Enterprises Ltd (Interest)",,5930.61,04/06/2020,,1000004,"Starling Bank"
"ADW Enterprises Ltd (Interest)",,821.92,04/06/2020,,1000006,"Starling Bank"
"ADW Enterprises Ltd (Interest)",,678.08,04/06/2020,,1000002,"Starling Bank"
"ADW Enterprises Ltd (Interest)",,3416.44,02/07/2020,,1000005,"Starling Bank"
"ADW Enterprises Ltd (Interest)",,3583.29,02/07/2020,,1000004,"Starling Bank"
"ADW Enterprises Ltd (Interest)",,794.52,02/07/2020,,1000006,"Starling Bank"
"ADW Enterprises Ltd (Interest)",,655.48,02/07/2020,,1000002,"Starling Bank"
"ADW Enterprises Ltd (Interest)",,3534.25,01/08/2020,,1000005,"Starling Bank"
"ADW Enterprises Ltd (Interest)",,3706.85,01/08/2020,,1000004,"Starling Bank"
"ADW Enterprises Ltd (Interest)",,821.92,01/08/2020,,1000006,"Starling Bank"
"ADW Enterprises Ltd (Interest)",,678.08,01/08/2020,,1000002,"Starling Bank"
"ADW Enterprises Ltd (Interest)",,3830.41,01/09/2020,,1000004,"Starling Bank"
"ADW Enterprises Ltd (Interest)",,3652.05,03/09/2020,,1000005,"Starling Bank"
"ADW Enterprises Ltd (Interest)",,849.32,03/09/2020,,1000006,"Starling Bank"
"ADW Enterprises Ltd (Interest)",,5065.75,03/09/2020,,1000009,"Starling Bank"
"ADW Enterprises Ltd (Interest)",,700.68,03/09/2020,,1000002,"Starling Bank"
"ADW Enterprises Ltd (Interest)",,3534.25,01/10/2020,,1000005,"Starling Bank"
"ADW Enterprises Ltd (Interest)",,3706.85,01/10/2020,,1000004,"Starling Bank"
"ADW Enterprises Ltd (Interest)",,821.92,01/10/2020,,1000006,"Starling Bank"
"ADW Enterprises Ltd (Interest)",,3534.25,01/10/2020,,1000009,"Starling Bank"
"ADW Enterprises Ltd (Interest)",,678.08,01/10/2020,,1000002,"Starling Bank"
"ADW Enterprises Ltd (Interest)",,1285.35,02/11/2020,,1000006,"Starling Bank"
"ADW Enterprises Ltd (Interest)",,5742.32,02/11/2020,,1000009,"Starling Bank"
"ADW Enterprises Ltd (Interest)",,2583.33,02/11/2020,,1000008,"Starling Bank"
"ADW Enterprises Ltd (Interest)",,1542.73,02/11/2020,,1000002,"Starling Bank"
"ADW Enterprises Ltd (Interest)",,15000.00,04/11/2020,,1000003,"Starling Bank"
"ADW Enterprises Ltd (Interest)",,3898.16,04/11/2020,,1000004,"Starling Bank"
"ADW Enterprises Ltd (Interest)",,1791.67,09/11/2020,,1000011,"Starling Bank"
"ADW Enterprises Ltd (Interest)",,3758.33,01/12/2020,,1000004,"Starling Bank"
"ADW Enterprises Ltd (Interest)",,833.33,01/12/2020,,1000006,"Starling Bank"
"ADW Enterprises Ltd (Interest)",,1791.67,01/12/2020,,1000011,"Starling Bank"
"ADW Enterprises Ltd (Interest)",,3583.33,01/12/2020,,1000009,"Starling Bank"
"ADW Enterprises Ltd (Interest)",,2583.33,01/12/2020,,1000008,"Starling Bank"
"ADW Enterprises Ltd (Interest)",,687.50,01/12/2020,,1000002,"Starling Bank"
"ADW Enterprises Ltd (Interest)",,5000.00,03/12/2020,,1000005,"Starling Bank"
"ADW Enterprises Ltd (Interest)",,5000.00,15/12/2020,,1000005,"Starling Bank"
"Legal and Professional Fees","Information Commissioner payment",35.00,18/12/2020,,N/A,"Starling Bank"
"Computer Software","Loandisk subscription",66.80,20/12/2020,,N/A,"Starling Bank"
"ADW Enterprises Ltd (Interest)",,2833.33,04/01/2021,,1000012,"Starling Bank"
"ADW Enterprises Ltd (Interest)",,687.50,04/01/2021,,1000002,"Starling Bank"
"ADW Enterprises Ltd (Interest)",,2583.33,04/01/2021,,1000008,"Starling Bank"
"ADW Enterprises Ltd (Interest)",,3583.33,04/01/2021,,1000009,"Starling Bank"
"ADW Enterprises Ltd (Interest)",,1791.67,04/01/2021,,1000011,"Starling Bank"
"ADW Enterprises Ltd (Interest)",,833.33,04/01/2021,,1000006,"Starling Bank"
"ADW Enterprises Ltd (Interest)",,3758.33,04/01/2021,,1000004,"Starling Bank"
"Computer Software",Google,27.60,02/01/2021,,N/A,"Starling Bank"
"Computer Software","34sp hosting/domain fees",9.95,05/01/2021,,N/A,"Starling Bank"
"Computer Software","Loandisk subscription",66.32,20/01/2021,,N/A,"Starling Bank"
"ADW Enterprises Ltd (Interest)",,2833.33,02/02/2021,,1000012,"Starling Bank"
"ADW Enterprises Ltd (Interest)",,687.50,02/02/2021,,1000002,"Starling Bank"
"ADW Enterprises Ltd (Interest)",,2583.33,02/02/2021,,1000008,"Starling Bank"
"ADW Enterprises Ltd (Interest)",,3583.33,02/02/2021,,1000009,"Starling Bank"
"ADW Enterprises Ltd (Interest)",,1791.67,02/02/2021,,1000011,"Starling Bank"
"ADW Enterprises Ltd (Interest)",,833.33,02/02/2021,,1000006,"Starling Bank"
"Computer Software",google,27.60,02/02/2021,,N/A,"Starling Bank"
"Computer Software","23sp domain hosting fees",9.95,05/02/2021,,N/A,"Starling Bank"
"Legal and Professional Fees","CGA ACcountants",133.00,05/02/2021,,N/A,"Starling Bank"
"HMRC Corporation Tax","2019-20 tax bill",598.50,09/02/2021,,N/A,"Starling Bank"
"HMRC Corporation Tax","2019-20 tax bill",19916.56,09/02/2021,,N/A,"Starling Bank"
"Grove Park Finance Commission",,1500.00,26/02/2021,,1000013,"Starling Bank"
"Computer Software",Loandisk,64.53,20/02/2021,,N/A,"Starling Bank"
"ADW Enterprises Ltd (Interest)",,3830.67,02/03/2021,,1000004,"Starling Bank"
"ADW Enterprises Ltd (Interest)",,3583.33,02/03/2021,,1000009,"Starling Bank"
"ADW Enterprises Ltd (Interest)",,2583.33,02/03/2021,,1000008,"Starling Bank"
"ADW Enterprises Ltd (Interest)",,687.50,02/03/2021,,1000002,"Starling Bank"
"ADW Enterprises Ltd (Interest)",,1791.67,02/03/2021,,1000011,"Starling Bank"
"ADW Enterprises Ltd (Interest)",,2833.33,02/03/2021,,1000012,"Starling Bank"
"ADW Enterprises Ltd (Interest)",,1250.00,02/03/2021,,1000013,"Starling Bank"
"Computer Software",Google,27.60,02/03/2021,,N/A,"Starling Bank"
"ADW Enterprises Ltd (Interest)","paid ADW 12737.12 interest and 147263 capital",12737.12,10/03/2021,,1000005,"Starling Bank"
"ADW Enterprises Ltd (Interest)",,7374.24,01/04/2021,,1000003,"Starling Bank"
"ADW Enterprises Ltd (Interest)",,1822.16,01/04/2021,,1000005,"Starling Bank"
"ADW Enterprises Ltd (Interest)",,3954.24,01/04/2021,,1000004,"Starling Bank"
"ADW Enterprises Ltd (Interest)",,3583.33,01/04/2021,,1000009,"Starling Bank"
"ADW Enterprises Ltd (Interest)",,2583.35,01/04/2021,,1000008,"Starling Bank"
"ADW Enterprises Ltd (Interest)",,687.50,01/04/2021,,1000002,"Starling Bank"
"ADW Enterprises Ltd (Interest)",,1791.67,01/04/2021,,1000011,"Starling Bank"
"ADW Enterprises Ltd (Interest)",,2833.33,01/04/2021,,1000012,"Starling Bank"
"Computer Software",Loandisk,65.07,20/03/2021,,N/A,"Starling Bank"
"Computer Software","34sp domain",9.95,05/03/2021,,N/A,"Starling Bank"
"ADW Enterprises Ltd (Interest)",,1250.00,02/04/2021,,1000013,"Starling Bank"
"ADW Enterprises Ltd (Interest)",,542.29,08/04/2021,,1000005,"Starling Bank"
"Computer Software",google,27.60,02/04/2021,,N/A,"Starling Bank"
"Computer Software","34sp - domain",9.95,05/04/2021,,N/A,"Starling Bank"
"ADW Enterprises Ltd (Interest)","Interest payment from 360 funds",20000.00,09/04/2021,,1000001,"Starling Bank"
"ADW Enterprises Ltd (Interest)","Interest payment from 360 funds",20000.00,10/04/2021,,1000001,"Starling Bank"
"ADW Enterprises Ltd (Interest)","Interest payment from 360 funds",7916.00,11/04/2021,,1000001,"Starling Bank"
"Computer Software",Loandisk,65.16,20/04/2021,,N/A,"Starling Bank"
"ADW Enterprises Ltd (Interest)",,3338.39,29/04/2021,,1000004,"Starling Bank"
"ADW Enterprises Ltd (Interest)",,1555.84,05/05/2021,,1000003,"Starling Bank"
"ADW Enterprises Ltd (Interest)",,682.87,05/05/2021,,1000001,"Starling Bank"
"ADW Enterprises Ltd (Interest)",,3574.33,05/05/2021,,1000009,"Starling Bank"
"ADW Enterprises Ltd (Interest)",,687.50,05/05/2021,,1000002,"Starling Bank"
"ADW Enterprises Ltd (Interest)",,1791.67,05/05/2021,,1000011,"Starling Bank"
"ADW Enterprises Ltd (Interest)",,2833.33,05/05/2021,,1000012,"Starling Bank"
"ADW Enterprises Ltd (Interest)",,1250.00,05/05/2021,,1000013,"Starling Bank"
"ADW Enterprises Ltd (Interest)",,1256.90,04/06/2021,,1000003,"Starling Bank"
"ADW Enterprises Ltd (Interest)",,1868.68,04/06/2021,,1000001,"Starling Bank"
"ADW Enterprises Ltd (Interest)",,3583.33,04/06/2021,,1000009,"Starling Bank"
"ADW Enterprises Ltd (Interest)",,687.50,04/06/2021,,1000002,"Starling Bank"
"ADW Enterprises Ltd (Interest)",,1791.67,04/06/2021,,1000011,"Starling Bank"
"ADW Enterprises Ltd (Interest)",,2833.33,04/06/2021,,1000012,"Starling Bank"
"ADW Enterprises Ltd (Interest)",,1250.00,04/06/2021,,1000013,"Starling Bank"
"ADW Enterprises Ltd (Interest)",,2718.08,04/06/2021,,1000008,"Starling Bank"
"Computer Software",google,27.60,01/06/2021,,N/A,"Starling Bank"
"Computer Software",loandisk,63.69,20/05/2021,,N/A,"Starling Bank"
"Computer Software","34sp - hosting/domain",19.90,08/05/2021,,N/A,"Starling Bank"
"Grove Park Finance Commission",,1500.00,10/06/2021,,1000014,"Starling Bank"
"ADW Enterprises Ltd (Interest)",,3583.33,02/07/2021,,1000009,"Starling Bank"
"ADW Enterprises Ltd (Interest)",,1127.84,02/07/2021,,1000003,"Starling Bank"
"ADW Enterprises Ltd (Interest)",,1687.84,02/07/2021,,1000001,"Starling Bank"
"ADW Enterprises Ltd (Interest)",,1189.16,02/07/2021,,1000008,"Starling Bank"
"ADW Enterprises Ltd (Interest)",,687.50,02/07/2021,,1000002,"Starling Bank"
"ADW Enterprises Ltd (Interest)",,1791.67,02/07/2021,,1000011,"Starling Bank"
"ADW Enterprises Ltd (Interest)",,2833.33,02/07/2021,,1000012,"Starling Bank"
"ADW Enterprises Ltd (Interest)",,1791.67,02/07/2021,,1000014,"Starling Bank"
"ADW Enterprises Ltd (Interest)",,1250.00,02/07/2021,,1000013,"Starling Bank"
"Computer Software",loandisk,65.23,20/06/2021,,N/A,"Starling Bank"
"ADW Enterprises Ltd (Interest)",,1409.80,05/08/2021,,1000003,"Starling Bank"
"ADW Enterprises Ltd (Interest)",,2109.80,05/08/2021,,1000001,"Starling Bank"
"ADW Enterprises Ltd (Interest)",,3583.33,05/08/2021,,1000009,"Starling Bank"
"ADW Enterprises Ltd (Interest)",,1486.45,05/08/2021,,1000008,"Starling Bank"
"ADW Enterprises Ltd (Interest)",,687.50,05/08/2021,,1000002,"Starling Bank"
"ADW Enterprises Ltd (Interest)",,2833.33,05/08/2021,,1000012,"Starling Bank"
"ADW Enterprises Ltd (Interest)",,1791.67,05/08/2021,,1000014,"Starling Bank"
"ADW Enterprises Ltd (Interest)",,1250.00,05/08/2021,,1000013,"Starling Bank"
"ADW Enterprises Ltd (Interest)",,368.00,06/08/2021,,1000011,"Starling Bank"
"Bank/Finance Charges","Bound Back Loan (563.60 - 462.96 is capital shown as a payment in branch capital) = 100.64",100.64,13/07/2021,,N/A,"Starling Bank"
"Computer Software","34sp - domain etc",9.95,05/07/2021,,N/A,"Starling Bank"
"Computer Software",loandisk,65.88,20/07/2021,,N/A,"Starling Bank"
"Computer Software",google,27.60,02/08/2021,,N/A,"Starling Bank"
"Computer Software","34sp domain",9.95,05/08/2021,,N/A,"Starling Bank"
"Grove Park Finance Commission",,1500.00,24/08/2021,,1000015,"Starling Bank"
"ADW Enterprises Ltd (Interest)",,1127.84,01/09/2021,,1000003,"Starling Bank"
"ADW Enterprises Ltd (Interest)",,1687.84,01/09/2021,,1000001,"Starling Bank"
"ADW Enterprises Ltd (Interest)",,3583.33,01/09/2021,,1000009,"Starling Bank"
"ADW Enterprises Ltd (Interest)",,1189.16,01/09/2021,,1000008,"Starling Bank"
"ADW Enterprises Ltd (Interest)",,2833.33,01/09/2021,,1000012,"Starling Bank"
"ADW Enterprises Ltd (Interest)",,1791.67,01/09/2021,,1000014,"Starling Bank"
"ADW Enterprises Ltd (Interest)",,1250.00,01/09/2021,,1000013,"Starling Bank"
"ADW Enterprises Ltd (Interest)",,687.50,03/09/2021,,1000002,"Starling Bank"
"Computer Software",google,27.60,02/09/2021,,N/A,"Starling Bank"
"Computer Software",loandisk,65.92,20/08/2021,,N/A,"Starling Bank"
"Bank/Finance Charges","Bound Back Loan Interest (565.99 - 462.96 capital (note  capital shown as a payment in branch capital)",103.03,13/08/2021,,N/A,"Starling Bank"
"ADW Enterprises Ltd (Interest)",,1248.68,05/10/2021,,1000003,"Starling Bank"
"ADW Enterprises Ltd (Interest)",,1845.72,05/10/2021,,1000001,"Starling Bank"
"ADW Enterprises Ltd (Interest)",,3583.33,05/10/2021,,1000009,"Starling Bank"
"ADW Enterprises Ltd (Interest)",,1316.57,05/10/2021,,1000008,"Starling Bank"
"ADW Enterprises Ltd (Interest)",,592.34,05/10/2021,,1000002,"Starling Bank"
"ADW Enterprises Ltd (Interest)",,2833.33,05/10/2021,,1000012,"Starling Bank"
"ADW Enterprises Ltd (Interest)",,1791.67,05/10/2021,,1000014,"Starling Bank"
"ADW Enterprises Ltd (Interest)",,1250.00,05/10/2021,,1000013,"Starling Bank"
"ADW Enterprises Ltd (Interest)",,958.33,05/10/2021,,1000013,"Starling Bank"
"Computer Software","34sp hosting",9.95,05/09/2021,,N/A,"Starling Bank"
"Bank/Finance Charges","Bound Back Loan (565.01 - 462.96 is capital shown as a payment in branch capital) = 100.64",102.05,13/09/2021,,N/A,"Starling Bank"
"Computer Software",loandisk,65.50,20/09/2021,,N/A,"Starling Bank"
"Computer Software",Google,27.60,02/10/2021,,N/A,"Starling Bank"
"Computer Software","34sp hosting",9.95,05/10/2021,,N/A,"Starling Bank"
"Bank/Finance Charges","97.82	Bound Back Loan (560.78 - 462.96 is capital shown as a payment in branch capital) = 97.82",97.82,13/10/2021,,N/A,"Starling Bank"
"ADW Enterprises Ltd (Interest)",,2583.32,03/11/2021,,1000015,"Starling Bank"
"ADW Enterprises Ltd (Interest)",,291.67,03/11/2021,,1000013,"Starling Bank"
"ADW Enterprises Ltd (Interest)",,1791.67,03/11/2021,,1000014,"Starling Bank"
"ADW Enterprises Ltd (Interest)",,2833.37,03/11/2021,,1000012,"Starling Bank"
"ADW Enterprises Ltd (Interest)",,697.00,03/11/2021,,1000002,"Starling Bank"
"ADW Enterprises Ltd (Interest)",,1401.51,03/11/2021,,1000008,"Starling Bank"
"ADW Enterprises Ltd (Interest)",,3583.33,03/11/2021,,1000009,"Starling Bank"
"ADW Enterprises Ltd (Interest)",,1962.18,03/11/2021,,1000001,"Starling Bank"
"ADW Enterprises Ltd (Interest)",,1329.24,03/11/2021,,1000003,"Starling Bank"
"Computer Software",google,27.60,02/11/2021,,N/A,"Starling Bank"
"Computer Software",Loandisk,65.59,20/10/2021,,N/A,"Starling Bank"
"ADW Enterprises Ltd (Interest)",,2833.33,08/12/2020,,1000012,"Starling Bank"
"Legal and Professional Fees","Filing Fee Companies House",13.00,17/11/2021,"
			
        	360F1 - Filing fee.pdf
                    ",N/A,"Starling Bank"
"Legal and Professional Fees","Fee invoice",120.00,17/11/2021,"
			
        	360F1 - Invoice.pdf
                    ",N/A,"Starling Bank"
"ADW Enterprises Ltd (Interest)",,1791.67,06/12/2021,,1000014,"Starling Bank"
"ADW Enterprises Ltd (Interest)","Actual payment was 3583.33 but altered so the capital repayment on loan disk shows  4300000 (when only 428577) was actually repaid due to overpaying interest by Â£1423 . Everything should balance !",2160.33,06/12/2021,,1000009,"Starling Bank"
"ADW Enterprises Ltd (Interest)",,1168.12,06/12/2021,,1000003,"Starling Bank"
"ADW Enterprises Ltd (Interest)",,1231.63,06/12/2021,,1000016,"Starling Bank"
"ADW Enterprises Ltd (Interest)",,2833.33,06/12/2021,,1000012,"Starling Bank"
"ADW Enterprises Ltd (Interest)",,1724.34,06/12/2021,,1000001,"Starling Bank"
"ADW Enterprises Ltd (Interest)",,1624.99,06/12/2021,,1000015,"Starling Bank"
"ADW Enterprises Ltd (Interest)",,1250.00,06/12/2021,,1000013,"Starling Bank"
"ADW Enterprises Ltd (Interest)",,697.00,06/12/2021,,1000002,"Starling Bank"
"Computer Software","34sp domain",9.95,06/12/2021,,N/A,"Starling Bank"
"Computer Software",google,27.60,02/12/2021,,N/A,"Starling Bank"
"Computer Software",loandisk,67.13,20/11/2021,,N/A,"Starling Bank"
"Bank/Finance Charges","100.11 
 Bound Back Loan (563.07 - 462.96 is capital shown as a payment in branch capital) ",100.11,13/11/2021,,N/A,"Starling Bank"
"Computer Software","34sp.com domain",9.95,05/11/2021,,N/A,"Starling Bank"
"Grove Park Finance Commission",,1500.00,07/12/2021,,1000017,"Starling Bank"
"ADW Enterprises Ltd (Interest)","Interest accrued on original 615k loan (now reduced to 540) ",1853.42,13/12/2021,,1000017,"Starling Bank"
"ADW Enterprises Ltd (Interest)",,1248.68,06/01/2022,,1000003,"Starling Bank"
"ADW Enterprises Ltd (Interest)",,1624.99,06/01/2022,,1000015,"Starling Bank"
"ADW Enterprises Ltd (Interest)",,1250.00,06/01/2022,,1000013,"Starling Bank"
"ADW Enterprises Ltd (Interest)",,1791.67,06/01/2022,,1000014,"Starling Bank"
"ADW Enterprises Ltd (Interest)",,2833.22,06/01/2022,,1000012,"Starling Bank"
"ADW Enterprises Ltd (Interest)",,2811.00,06/01/2022,,1000017,"Starling Bank"
"ADW Enterprises Ltd (Interest)",,697.00,06/01/2022,,1000002,"Starling Bank"
"ADW Enterprises Ltd (Interest)",,1316.57,06/01/2022,,1000016,"Starling Bank"
"ADW Enterprises Ltd (Interest)",,1843.26,06/01/2022,,1000001,"Starling Bank"
"ADW Enterprises Ltd (Interest)",,1624.99,07/02/2022,,1000015,"Starling Bank"
"ADW Enterprises Ltd (Interest)",,1250.00,07/02/2022,,1000013,"Starling Bank"
"ADW Enterprises Ltd (Interest)",,1791.67,07/02/2022,,1000014,"Starling Bank"
"ADW Enterprises Ltd (Interest)",,2833.22,07/02/2022,,1000012,"Starling Bank"
"ADW Enterprises Ltd (Interest)",,697.00,07/02/2022,,1000002,"Starling Bank"
"ADW Enterprises Ltd (Interest)",,1316.57,07/02/2022,,1000016,"Starling Bank"
"ADW Enterprises Ltd (Interest)",,1843.26,07/02/2022,,1000001,"Starling Bank"
"ADW Enterprises Ltd (Interest)",,1248.68,07/02/2022,,1000003,"Starling Bank"
"ADW Enterprises Ltd (Interest)",,4500.00,09/02/2022,,1000017,"Starling Bank"
"ADW Enterprises Ltd (Interest)",,1127.84,16/03/2022,,1000003,"Starling Bank"
"ADW Enterprises Ltd (Interest)",,1664.88,16/03/2022,,1000001,"Starling Bank"
"ADW Enterprises Ltd (Interest)",,1189.16,16/03/2022,,1000008,"Starling Bank"
"ADW Enterprises Ltd (Interest)",,697.00,16/03/2022,,1000002,"Starling Bank"
"ADW Enterprises Ltd (Interest)",,1791.67,16/03/2022,,1000014,"Starling Bank"
"ADW Enterprises Ltd (Interest)",,2833.22,21/03/2022,,1000012,"Starling Bank"
"Computer Software",Loandisk,68.66,20/03/2022,,N/A,"Starling Bank"
"Computer Software","sp34 hosting",9.95,05/03/2022,,N/A,"Starling Bank"
"Computer Software",google,27.60,02/03/2022,,N/A,"Starling Bank"
"Computer Software",loandisk,66.32,20/02/2022,,N/A,"Starling Bank"
"Legal and Professional Fees",,840.00,18/02/2022,,1000001,"Starling Bank"
"Legal and Professional Fees","CGA Accountants",960.00,07/02/2022,,N/A,"Starling Bank"
"Computer Software","sp34 hosting",9.95,05/02/2022,,N/A,"Starling Bank"
"Computer Software",Google,27.60,02/02/2022,,N/A,"Starling Bank"
"Computer Software",Loandisk,66.32,20/01/2022,,N/A,"Starling Bank"
"Computer Software",Google,27.60,01/01/2022,,N/A,"Starling Bank"
"Computer Software",Loandisk,67.90,20/12/2021,,N/A,"Starling Bank"
"Bank/Finance Charges","Bound Back Loan (558.89- 462.96 is capital shown as a payment in branch capital)",95.93,13/12/2021,,N/A,"Starling Bank"
"Bank/Finance Charges","Bound Back Loan (561.13- 462.96 is capital shown as a payment in branch capital)",98.17,13/01/2022,,N/A,"Starling Bank"
"Bank/Finance Charges","Bound Back Loan (560.15- 462.96 is capital shown as a payment in branch capital)",97.19,13/02/2022,,N/A,"Starling Bank"
"Bank/Finance Charges","Bound Back Loan (549.87- 462.96 is capital shown as a payment in branch capital)",86.91,13/03/2022,,N/A,"Starling Bank"
"ADW Enterprises Ltd (Interest)",,2255.68,26/04/2022,,1000003,"Starling Bank"
"ADW Enterprises Ltd (Interest)",,11335.58,26/04/2022,,1000017,"Starling Bank"
"ADW Enterprises Ltd (Interest)",,3583.34,26/04/2022,,1000014,"Starling Bank"
"ADW Enterprises Ltd (Interest)",,5666.44,26/04/2022,,1000012,"Starling Bank"
"ADW Enterprises Ltd (Interest)",,1394.00,26/04/2022,,1000002,"Starling Bank"
"ADW Enterprises Ltd (Interest)",,3329.76,26/04/2022,,1000001,"Starling Bank"
"ADW Enterprises Ltd (Interest)",,1824.60,26/04/2022,,1000016,"Starling Bank"
"Computer Software",loandisk,69.35,20/04/2022,,N/A,"Starling Bank"
"Bank/Finance Charges","Bound Back Loan (558.20- 462.96 is capital shown as a payment in branch capital)",95.24,13/04/2022,,N/A,"Starling Bank"
"Computer Software",34sp,9.95,05/04/2022,,N/A,"Starling Bank"
"Computer Software",google,27.60,01/04/2022,,N/A,"Starling Bank"
"ADW Enterprises Ltd (Interest)",,201.00,12/05/2022,,1000014,"Starling Bank"
"ADW Enterprises Ltd (Interest)",,1845.00,06/06/2022,,1000001,"Starling Bank"
"ADW Enterprises Ltd (Interest)",,687.50,06/06/2022,,1000002,"Starling Bank"
"ADW Enterprises Ltd (Interest)",,1248.68,06/06/2022,,1000003,"Starling Bank"
"ADW Enterprises Ltd (Interest)",,1316.57,06/06/2022,,1000016,"Starling Bank"
"ADW Enterprises Ltd (Interest)",,2833.33,06/06/2022,,1000012,"Starling Bank"
"ADW Enterprises Ltd (Interest)",,4500.00,06/06/2022,,1000017,"Starling Bank"
"ADW Enterprises Ltd (Interest)",,25000.00,16/06/2022,,1000010,"Starling Bank"
"ADW Enterprises Ltd (Interest)",,1845.00,11/07/2022,,1000001,"Starling Bank"
"ADW Enterprises Ltd (Interest)",,687.50,11/07/2022,,1000002,"Starling Bank"
"ADW Enterprises Ltd (Interest)",,1248.68,11/07/2022,,1000003,"Starling Bank"
"ADW Enterprises Ltd (Interest)",,1316.57,11/07/2022,,1000016,"Starling Bank"
"ADW Enterprises Ltd (Interest)",,2833.33,11/07/2022,,1000012,"Starling Bank"
"ADW Enterprises Ltd (Interest)",,4500.00,11/07/2022,,1000017,"Starling Bank"
"Computer Software",Google,27.60,01/07/2021,,N/A,"Starling Bank"
"Computer Software",loandisk,73.88,20/06/2022,,N/A,"Starling Bank"
"Bank/Finance Charges","Bound Back Loan (556.26- 462.96 is capital shown as a payment in branch capital) 
",93.30,13/06/2022,,N/A,"Starling Bank"
"Computer Software","34sp hosting",9.95,05/06/2022,,N/A,"Starling Bank"
"Computer Software",google,27.60,01/06/2022,,N/A,"Starling Bank"
"Computer Software",loandisk,73.00,20/05/2022,,N/A,"Starling Bank"
"Bank/Finance Charges","Bound Back Loan (554.20- 462.96 is capital shown as a payment in branch capital)",91.24,13/05/2022,,N/A,"Starling Bank"
"Computer Software",google,27.60,06/05/2022,,N/A,"Starling Bank"
"Computer Software","34sp hosting",9.95,05/05/2022,,N/A,"Starling Bank"
"HMRC Corporation Tax","Corporation Tax",36544.22,25/04/2022,,N/A,"Starling Bank"
"ADW Enterprises Ltd (Interest)",,2833.33,08/08/2022,,1000012,"Starling Bank"
"ADW Enterprises Ltd (Interest)",,1316.57,08/08/2022,,1000016,"Starling Bank"
"ADW Enterprises Ltd (Interest)",,1248.68,08/08/2022,,1000003,"Starling Bank"
"ADW Enterprises Ltd (Interest)",,687.50,08/08/2022,,1000002,"Starling Bank"
"ADW Enterprises Ltd (Interest)",,1845.00,08/08/2022,,1000001,"Starling Bank"
"ADW Enterprises Ltd (Interest)",,4500.00,11/08/2022,,1000017,"Starling Bank"
"ADW Enterprises Ltd (Interest)",,683.33,11/08/2022,,1000018,"Starling Bank"
"Computer Software","34sp hosting",9.95,05/08/2022,,N/A,"Starling Bank"
"Computer Software",google,27.60,01/08/2022,,N/A,"Starling Bank"
"Grove Park Finance Commission",,1500.00,29/07/2022,,1000018,"Starling Bank"
"Computer Software",loandisk,75.48,20/07/2022,,N/A,"Starling Bank"
"Bank/Finance Charges","Bound Back Loan (552.32- 462.96 is capital shown as a payment in branch capital)",89.36,13/07/2022,,N/A,"Starling Bank"
"Computer Software","34sp hosting",9.95,05/07/2022,,N/A,"Starling Bank"
"Computer Software",google,27.60,01/07/2022,,N/A,"Starling Bank"
"Legal and Professional Fees","Clarion Legal Fees",1552.75,05/09/2022,,1000003,"Starling Bank"
"ADW Enterprises Ltd (Interest)",,687.50,05/09/2022,,1000002,"Starling Bank"
"ADW Enterprises Ltd (Interest)",,4500.00,05/09/2022,,1000017,"Starling Bank"
"ADW Enterprises Ltd (Interest)",,1845.00,05/09/2022,,1000001,"Starling Bank"
"ADW Enterprises Ltd (Interest)",,1316.57,05/09/2022,,1000016,"Starling Bank"
"Bank/Finance Charges","	Bound Back Loan (554.32- 462.96 is capital shown as a payment in branch capital)",91.36,13/08/2022,,N/A,"Starling Bank"
"Computer Software",Loandisk,92.44,20/08/2022,,N/A,"Starling Bank"
"Computer Software",google,27.59,01/09/2022,,N/A,"Starling Bank"
"Computer Software","34sp hosting",9.95,06/09/2022,,N/A,"Starling Bank"
"Bank/Finance Charges","Bound Back Loan (553.35- 462.96 is capital shown as a payment in branch capital)",90.39,13/09/2022,,N/A,"Starling Bank"
"ADW Enterprises Ltd (Interest)",,4500.00,12/10/2022,,1000017,"Starling Bank"
"ADW Enterprises Ltd (Interest)","sep late payment",2833.33,04/10/2022,,1000012,"Starling Bank"
"Legal and Professional Fees","Clarion counci fees",3125.00,11/10/2022,,1000001,"Starling Bank"
"Computer Software",loandisk,96.79,06/10/2022,,N/A,"Starling Bank"
"Computer Software","34sp hosting",9.95,05/10/2022,,N/A,"Starling Bank"
"Computer Software",google,27.60,04/10/2022,,N/A,"Starling Bank"
"ADW Enterprises Ltd (Interest)","october late payment",1845.00,17/10/2022,,1000001,"Starling Bank"
"ADW Enterprises Ltd (Interest)","october late payment",687.50,24/10/2022,,1000002,"Starling Bank"
"ADW Enterprises Ltd (Interest)","september late payment",1248.68,24/10/2022,,1000003,"Starling Bank"
"ADW Enterprises Ltd (Interest)","october late payment",1248.68,24/10/2022,,1000003,"Starling Bank"
"ADW Enterprises Ltd (Interest)","october late payment",1316.57,24/10/2022,,1000016,"Starling Bank"
"ADW Enterprises Ltd (Interest)","November payment (paid early in error)",1316.57,24/10/2022,,1000016,"Starling Bank"
"ADW Enterprises Ltd (Interest)","october late payment",2833.33,24/10/2022,,1000012,"Starling Bank"
"ADW Enterprises Ltd (Interest)","September late payment",683.33,24/10/2022,,1000018,"Starling Bank"
"ADW Enterprises Ltd (Interest)","October late payment",683.33,24/10/2022,,1000018,"Starling Bank"
"ADW Enterprises Ltd (Interest)","65263 was sent with 6038.34 being returned due to payment error 
 
",59224.66,24/10/2022,,1000010,"Starling Bank"
"ADW Enterprises Ltd (Interest)",,683.33,01/11/2022,,1000018,"Starling Bank"
"ADW Enterprises Ltd (Interest)",,2833.33,01/11/2022,,1000012,"Starling Bank"
"ADW Enterprises Ltd (Interest)",,4500.00,01/11/2022,,1000017,"Starling Bank"
"ADW Enterprises Ltd (Interest)",,1248.68,01/11/2022,,1000003,"Starling Bank"
"ADW Enterprises Ltd (Interest)",,666.67,01/11/2022,,1000020,"Starling Bank"
"ADW Enterprises Ltd (Interest)",,687.50,01/11/2022,,1000002,"Starling Bank"
"ADW Enterprises Ltd (Interest)",,1845.00,01/11/2022,,1000001,"Starling Bank"
"Bank/Finance Charges","Bound Back Loan (549.49- 462.96 is capital shown as a payment in branch capital)",86.53,13/10/2022,,N/A,"Starling Bank"
"Computer Software",loandisk,97.14,20/10/2022,,N/A,"Starling Bank"
"Computer Software","google cloud",27.60,01/11/2022,,N/A,"Starling Bank"
"Computer Software","34sp hosting",9.95,05/11/2022,,N/A,"Starling Bank"
Miscellaneous,Locksmith,1886.00,08/11/2022,,1000001,"Starling Bank"
"Bank/Finance Charges","Bound Back Loan (551.41- 462.96 is capital shown as a payment in branch capital)",88.45,13/11/2022,,N/A,"Starling Bank"
Insurance,"House insurance",220.00,10/11/2022,,1000001,"Starling Bank"
"Computer Software",Loandisk,92.33,20/11/2022,,N/A,"Starling Bank"
"ADW Enterprises Ltd (Interest)",,4500.00,01/12/2022,,1000017,"Starling Bank"
"ADW Enterprises Ltd (Interest)",,683.33,01/12/2022,,1000018,"Starling Bank"
"ADW Enterprises Ltd (Interest)",,2833.33,01/12/2022,,1000012,"Starling Bank"
"ADW Enterprises Ltd (Interest)",,666.67,01/12/2022,,1000020,"Starling Bank"
"ADW Enterprises Ltd (Interest)",,1316.57,01/12/2022,,1000016,"Starling Bank"
"ADW Enterprises Ltd (Interest)",,1248.68,01/12/2022,,1000003,"Starling Bank"
"ADW Enterprises Ltd (Interest)",,687.50,01/12/2022,,1000002,"Starling Bank"
"ADW Enterprises Ltd (Interest)",,1845.00,01/12/2022,,1000001,"Starling Bank"
"ADW Enterprises Ltd (Interest)",,4500.00,11/01/2023,,1000017,"Starling Bank"
"ADW Enterprises Ltd (Interest)",,683.33,11/01/2023,,1000018,"Starling Bank"
"ADW Enterprises Ltd (Interest)",,2833.33,11/01/2023,,1000012,"Starling Bank"
"ADW Enterprises Ltd (Interest)",,791.67,11/01/2023,,1000021,"Starling Bank"
"ADW Enterprises Ltd (Interest)",,666.67,11/01/2023,,1000020,"Starling Bank"
"ADW Enterprises Ltd (Interest)",,1316.57,11/01/2023,,1000016,"Starling Bank"
"ADW Enterprises Ltd (Interest)",,1248.68,04/01/2023,,1000003,"Starling Bank"
"ADW Enterprises Ltd (Interest)",,687.50,11/01/2023,,1000002,"Starling Bank"
"ADW Enterprises Ltd (Interest)",,1845.00,11/01/2023,,1000001,"Starling Bank"
"Computer Software",google,27.60,01/12/2022,,N/A,"Starling Bank"
"Computer Software","34sp domain rewnal",15.00,02/12/2022,,N/A,"Starling Bank"
"Computer Software","34sp hosting",9.95,05/01/2022,,N/A,"Starling Bank"
Insurance,"Premium credit insurance",111.51,12/12/2022,,1000001,"Starling Bank"
"Bank/Finance Charges","	Bound Back Loan (547.61- 462.96 is capital shown as a payment in branch capital)",84.65,13/12/2022,,N/A,"Starling Bank"
Miscellaneous,"Montrose Glass.  ",185.40,14/12/2022,,1000001,"Starling Bank"
"Legal and Professional Fees","Information Commissioner's Office",35.00,16/12/2022,,N/A,"Starling Bank"
"Computer Software",Loandisk,89.94,20/12/2022,,N/A,"Starling Bank"
Miscellaneous,"Mr M Minnis",1795.00,23/12/2022,,1000001,"Starling Bank"
Miscellaneous,"Montrose Glass",185.40,24/12/2022,,1000001,"Starling Bank"
"Computer Software",google,27.60,01/01/2023,,N/A,"Starling Bank"
"Computer Software","34sp hosting",9.95,05/01/2023,,N/A,"Starling Bank"
Miscellaneous,"Premium Credit Insurance",106.49,10/01/2023,,1000001,"Starling Bank"
Miscellaneous,"Premium Credit Insurance",25.00,10/01/2023,,1000001,"Starling Bank"
"Legal and Professional Fees","CGA Accountants",1200.00,10/01/2023,,N/A,"Starling Bank"
"Legal and Professional Fees","CGA Accountants",13.00,10/01/2023,,N/A,"Starling Bank"
"Legal and Professional Fees","CGA Accountants",120.00,10/01/2023,,N/A,"Starling Bank"
"Bank/Finance Charges","Bound Back Loan (549.46- 462.96 is capital shown as a payment in branch capital)",86.50,13/01/2023,,N/A,"Starling Bank"
"Legal and Professional Fees","Clarion, Council fees",1800.00,19/01/2023,,1000001,"Starling Bank"
"Computer Software",Loandisk,88.54,20/01/2023,,N/A,"Starling Bank"
"ADW Enterprises Ltd (Interest)","final interest payment",1246.52,03/02/2023,,1000003,"Starling Bank"
"ADW Enterprises Ltd (Interest)",,1845.00,04/02/2023,,1000001,"Starling Bank"
"ADW Enterprises Ltd (Interest)",,687.50,04/02/2023,,1000002,"Starling Bank"
"ADW Enterprises Ltd (Interest)",,1316.57,04/02/2023,,1000016,"Starling Bank"
"ADW Enterprises Ltd (Interest)",,791.67,04/02/2023,,1000021,"Starling Bank"
"ADW Enterprises Ltd (Interest)",,666.67,04/02/2023,,1000020,"Starling Bank"
"ADW Enterprises Ltd (Interest)",,2833.33,04/02/2023,,1000012,"Starling Bank"
"ADW Enterprises Ltd (Interest)",,683.33,04/02/2023,,1000018,"Starling Bank"
"ADW Enterprises Ltd (Interest)",,4500.00,04/02/2023,,1000017,"Starling Bank"
"HMRC Corporation Tax",,33131.82,04/02/2023,,N/A,"Starling Bank"
"Computer Software",google,27.60,01/02/2023,,N/A,"Starling Bank"
"Computer Software","34sp domain",9.95,05/02/2023,,N/A,"Starling Bank"
"ADW Enterprises Ltd (Interest)","Payment was 103067.74 (95k capital)",8067.74,25/04/2022,,1000015,"Starling Bank"
"Computer Software",google,27.60,05/05/2021,,N/A,"Starling Bank"
"ADW Enterprises Ltd (Interest)",,683.33,08/03/2023,,1000018,"Starling Bank"
"ADW Enterprises Ltd (Interest)",,4500.00,08/03/2023,,1000017,"Starling Bank"
"ADW Enterprises Ltd (Interest)",,2833.33,08/03/2023,,1000012,"Starling Bank"
"ADW Enterprises Ltd (Interest)",,791.67,08/03/2023,,1000021,"Starling Bank"
"ADW Enterprises Ltd (Interest)",,666.67,08/03/2023,,1000020,"Starling Bank"
"ADW Enterprises Ltd (Interest)",,1316.57,08/03/2023,,1000016,"Starling Bank"
"ADW Enterprises Ltd (Interest)",,687.50,08/03/2023,,1000002,"Starling Bank"
"ADW Enterprises Ltd (Interest)",,1845.00,08/03/2023,,1000001,"Starling Bank"
"Computer Software","34sp. Hosting",9.95,01/03/2023,,N/A,"Starling Bank"
"Computer Software",google,27.60,01/03/2023,,N/A,"Starling Bank"
"Computer Software",loandisk,91.49,20/02/2023,,N/A,"Starling Bank"
Miscellaneous,"Sonnys Removals",250.00,13/02/2023,,1000001,"Starling Bank"
Miscellaneous,"Mr M Minnis",1455.00,13/02/2023,,1000001,"Starling Bank"
"Bank/Finance Charges","Bound Back Loan (548.49- 462.96 is capital shown as a payment in Investor Accountsl)",85.53,13/02/2023,,N/A,"Starling Bank"
Insurance,"Premium Credit Insurance",106.49,10/02/2023,,1000001,"Starling Bank"
"Computer Software","34sp hosting",9.95,06/12/2022,,N/A,"Starling Bank"
"Legal and Professional Fees","Information Commissioners Office",35.00,17/12/2021,,N/A,"Starling Bank"
"Grove Park Finance Commission",,1500.00,10/03/2023,,1000023,"Starling Bank"
Insurance,"Premium Credit Insurance",106.49,10/03/2023,,1000001,"Starling Bank"
"ADW Enterprises Ltd (Interest)","Working capital interest",95.34,11/02/2020,,N/A,"Starling Bank"
"ADW Enterprises Ltd (Interest)","added on 13/13/2023 (found missing transactions whilst reconciling accounts)",1966.44,30/11/2019,,1000002,"Starling Bank"
"Bank/Finance Charges","Bound Back Loan (539.33- 462.96 is capital shown as a payment in Investor Accountsl)",76.37,13/03/2023,,N/A,"Starling Bank"
"Bank/Finance Charges","Bound Back Loan (567.92 - 104.96 is interest / 462.96 is capital) 
 
",104.96,13/06/2021,,N/A,"Starling Bank"
"Computer Software",Loandisk,90.10,20/03/2023,,N/A,"Starling Bank"
"Grove Park Finance Commission",,1500.00,20/03/2023,,1000022,"Starling Bank"
"Computer Software",Google,27.60,01/04/2023,,N/A,"Starling Bank"
"Computer Software","34sp hosting",9.95,05/04/2023,,N/A,"Starling Bank"
Insurance,"Premium Credit Insurance",106.49,11/04/2023,,1000001,"Starling Bank"
"Computer Software",Loandisk,87.96,20/04/2023,,N/A,"Starling Bank"
"Computer Software",Google,27.60,01/05/2023,,N/A,"Starling Bank"
Insurance,"Premium Credit Insurance",106.49,10/05/2023,,1000001,"Starling Bank"
"Computer Software","34sp hosting",9.95,05/05/2023,,N/A,"Starling Bank"
"Computer Software",Loandisk,84.71,20/07/2023,,N/A,"Starling Bank"
"Computer Software",34sp,9.95,19/07/2023,,N/A,"Starling Bank"
Insurance,,106.49,10/07/2023,,1000001,"Starling Bank"
"Computer Software",google,27.60,01/07/2023,,N/A,"Starling Bank"
"Grove Park Finance Commission",,1500.00,27/06/2023,,1000026,"Starling Bank"
"Computer Software",Loandisk,85.27,20/06/2023,,N/A,"Starling Bank"
"Grove Park Finance Commission",,1500.00,11/07/2023,,1000027,"Starling Bank"
"Computer Software",Google,27.60,01/08/2023,,N/A,"Starling Bank"
"Grove Park Finance Commission",,1000.00,07/08/2023,,1000029,"Starling Bank"
Insurance,,106.49,10/08/2023,,1000001,"Starling Bank"
"Computer Software",34sp,9.95,13/08/2023,,N/A,"Starling Bank"
"Computer Software",loandisk,85.91,20/08/2023,,N/A,"Starling Bank"
"Computer Software",Google,27.60,01/09/2023,,N/A,"Starling Bank"
"Computer Software","34sp hosting",9.95,05/09/2023,,N/A,"Starling Bank"
"Computer Software",Loandisk,90.17,20/10/2023,,N/A,"Starling Bank"
"Computer Software",34sp,9.95,05/10/2023,,N/A,"Starling Bank"
"Computer Software",Google,27.60,01/10/2023,,N/A,"Starling Bank"
"Computer Software",Loandisk,88.13,20/09/2023,,N/A,"Starling Bank"
"Computer Software",Google,27.60,01/11/2023,,N/A,"Starling Bank"
"Computer Software",34sp,9.95,05/11/2022,,N/A,"Starling Bank"
"HMRC Corporation Tax","Paid to 1st Locate (HMRC fine)",88.51,08/11/2023,,N/A,"Starling Bank"
"Grove Park Finance Commission",,1500.00,29/11/2023,,1000031,"Starling Bank"
"Computer Software",34sp,9.95,05/11/2023,,N/A,"Starling Bank"
"Computer Software",Loandisk,88.11,20/11/2023,,N/A,"Starling Bank"
Insurance,"Premium Credit Insurance",135.51,22/11/2023,,1000001,"Starling Bank"
Insurance,"Premium Credit Insurance",130.45,11/12/2023,,1000001,"Starling Bank"
"Computer Software",Google,27.60,01/12/2023,,N/A,"Starling Bank"
"Legal and Professional Fees","CGA Accountants",133.00,04/12/2023,,N/A,"Starling Bank"
"Computer Software",34sp,9.95,05/12/2023,,N/A,"Starling Bank"
"Grove Park Finance Commission",,1500.00,16/12/2023,,1000032,"Starling Bank"
Insurance,,130.45,11/12/2023,,1000001,"Starling Bank"
"Legal and Professional Fees","Information Commissioner's Office",35.00,18/12/2023,,N/A,"Starling Bank"
"Computer Software",Loandisk,86.33,20/12/2023,,N/A,"Starling Bank"
"Legal and Professional Fees","CGA Accountants",1200.00,22/12/2023,,N/A,"Starling Bank"
"Computer Software",Google,27.60,02/01/2024,,N/A,"Starling Bank"
"Computer Software",34sp,9.95,06/01/2024,,N/A,"Starling Bank"
Insurance,"Premium Credit Insurance",130.45,10/01/2024,,1000001,"Starling Bank"
"Computer Software",Loandisk,88.48,22/01/2024,,N/A,"Starling Bank"
"Computer Software",Google,27.60,06/02/2024,,N/A,"Starling Bank"
"Legal and Professional Fees","Homecastle Estates",11520.00,12/02/2024,,1000001,"Starling Bank"
"Legal and Professional Fees","Homecastle Estate",299.00,12/02/2024,,1000001,"Starling Bank"
Insurance,"Premium Credit Insurance",130.45,12/02/2024,,1000001,"Starling Bank"
"HMRC Corporation Tax",,37735.18,12/02/2024,,N/A,"Starling Bank"
"Dividend (A Pearse)",,24500.00,16/02/2024,,N/A,"Starling Bank"
"Dividend (A Whitwam)",,25500.00,16/02/2024,,N/A,"Starling Bank"
Insurance,"Keith Taylor ",85.62,22/02/2024,,1000001,"Starling Bank"
"Computer Software",Loandisk,89.03,20/02/2024,,N/A,"Starling Bank"
"Computer Software",34sp,11.95,06/03/2024,,N/A,"Starling Bank"
"Computer Software",google,31.35,04/03/2024,,N/A,"Starling Bank"
"Computer Software",34sp,11.95,06/02/2024,,N/A,"Starling Bank"
"Computer Software",Loandisk,87.98,20/05/2023,,N/A,"Starling Bank"
"Computer Software","Google Cloud",27.60,02/06/2023,,N/A,"Starling Bank"
"Computer Software",34sp,9.95,06/06/2023,,N/A,"Starling Bank"
Insurance,"Premium Credit Insurance (04AEIV8365/01)",106.49,12/06/2023,,N/A,"Starling Bank"
"Grove Park Finance Commission",,1500.00,19/04/2024,,1000033,"Starling Bank"
"Computer Software","680Pin* Loandisk      AUSTRALIA	AMOUNT IN US",90.10,22/04/2024,,N/A,Cash
"Computer Software","34SP.COM LTD          	ON 04 APR BDC",11.95,08/04/2024,,N/A,Cash
"Computer Software","GSUITE_360funds.co    IRELAND	ON 01 APR BDC",36.00,02/04/2024,,N/A,Cash
"Computer Software","407Pin* Loandisk      AUSTRALIA	AMOUNT IN US",88.43,20/03/2024,,N/A,Cash
"Computer Software","34SP.COM LTD          	ON 22 MAY BDC",11.95,23/05/2024,,N/A,Cash
"Computer Software","681Pin* Loandisk      AUSTRALIA	AMOUNT IN US",88.59,20/05/2024,,N/A,Cash
"Computer Software","34SP.COM LTD          	ON 04 MAY BDC",11.95,07/05/2024,,N/A,Cash
"Computer Software","GOOGLE*GSUITE 360F    IRELAND	ON 01 MAY BDC",36.00,02/05/2024,,N/A,Cash
"Computer Software","179Pin* Loandisk      AUSTRALIA	AMOUNT IN US",86.83,22/07/2024,,N/A,Cash
"Computer Software","34SP.COM LTD          	ON 04 JUL BDC",11.95,08/07/2024,,N/A,Cash
"Computer Software","GOOGLE*GSUITE 360F    IRELAND	ON 01 JUL BDC",36.00,02/07/2024,,N/A,Cash
"Computer Software","301Pin* Loandisk      AUSTRALIA	AMOUNT IN US",88.29,20/06/2024,,N/A,Cash
"Computer Software","GOOGLE*GSUITE 360F    IRELAND	ON 01 JUN BDC",36.00,03/06/2024,,N/A,Cash
"Computer Software","GOOGLE*GSUITE 360F    IRELAND	ON 01 SEP BDC",36.00,02/09/2024,,N/A,Cash
"Computer Software","071Pin* Loandisk      AUSTRALIA	AMOUNT IN US",86.68,20/08/2024,,N/A,Cash
"Computer Software","34SP.COM LTD          	ON 04 AUG BDC",11.95,06/08/2024,,N/A,Cash
"Computer Software","GSUITE_360funds.co    IRELAND	ON 01 AUG BDC",36.00,02/08/2024,,N/A,Cash
"Grove Park Finance Commission",,1500.00,10/09/2024,,1000036,"Starling Bank"
"Computer Software","660Pin* Loandisk      AUSTRALIA	AMOUNT IN US",101.95,21/10/2024,,N/A,Cash
"Computer Software","34SP.COM LTD          	ON 04 OCT BDC",11.95,07/10/2024,,N/A,Cash
"Computer Software","GSUITE_360funds.co    IRELAND	ON 01 OCT BDC",36.00,02/10/2024,,N/A,Cash
"Computer Software","582Pin* Loandisk      AUSTRALIA	AMOUNT IN US",100.80,20/09/2024,,N/A,Cash
"Computer Software","34SP.COM LTD          	ON 04 SEP BDC",11.95,06/09/2024,,N/A,Cash
"Grove Park Finance Commission",,1500.00,12/11/2024,,1000039,"Starling Bank"
"Grove Park Finance Commission",,1500.00,15/11/2024,,1000038,"Starling Bank"
"Computer Software","34SP.COM LTD          	ON 05 DEC BDC",11.95,06/12/2024,,N/A,Cash
"Computer Software","34SP.COM LTD          	ON 02 DEC BDC",15.00,03/12/2024,,N/A,Cash
"Computer Software","Google GSUITE_360f    IRELAND	ON 01 DEC BDC",36.00,02/12/2024,,N/A,Cash
"Computer Software","448Pin* Loandisk      AUSTRALIA	AMOUNT IN US",105.11,20/11/2024,,N/A,Cash
"Computer Software","34SP.COM LTD          	ON 05 NOV BDC",11.95,06/11/2024,,N/A,Cash
"Computer Software","Google GSUITE_360f    IRELAND	ON 01 NOV BDC",36.00,04/11/2024,,N/A,Cash
"Computer Software","311Pin* Loandisk      AUSTRALIA	AMOUNT IN US",109.04,20/01/2025,,N/A,Cash
"Computer Software","34SP.COM LTD          	ON 05 JAN BDC",11.95,06/01/2025,,N/A,Cash
"Computer Software","Google GSUITE_360f    IRELAND	ON 01 JAN BDC",36.00,02/01/2025,,N/A,Cash
"Computer Software","345Pin* Loandisk      AUSTRALIA	AMOUNT IN US",106.11,20/12/2024,,N/A,Cash
"Legal and Professional Fees","SHARED EQUITY LTD     	V16349 FT",1200.00,19/12/2024,,N/A,Cash
"Legal and Professional Fees","SHARED EQUITY LTD     	V016535 FT",34.00,19/12/2024,,N/A,Cash
"Legal and Professional Fees","SHARED EQUITY LTD     	V016553 FT",120.00,19/12/2024,,N/A,Cash
"Grove Park Finance Commission",,1500.00,11/02/2025,,1000040,"Starling Bank"
"Grove Park Finance Commission",,1500.00,27/02/2025,,1000041,"Starling Bank"
"HMRC Corporation Tax",,72963.65,28/02/2025,,N/A,"Starling Bank"
"Computer Software","34SP.COM LTD          	ON 05 MAR BDC",11.95,06/03/2025,,N/A,Cash
"Computer Software","GOOGLE*GSUITE 360F    IRELAND	ON 01 MAR BDC",36.00,03/03/2025,,N/A,Cash
"Computer Software","751Pin* Loandisk      AUSTRALIA	AMOUNT IN US",105.53,20/02/2025,,N/A,Cash
"Computer Software","34SP.COM LTD          	ON 05 FEB BDC",11.95,06/02/2025,,N/A,Cash
"Computer Software","Google GSUITE_360f    IRELAND	ON 01 FEB BDC",36.00,03/02/2025,,N/A,Cash
"Computer Software","Google GSUITE_360f    IRELAND	ON 01 MAY BDC",36.00,02/05/2025,,N/A,Cash
"Computer Software","049Pin* Loandisk      AUSTRALIA	AMOUNT IN US",100.05,22/04/2025,,N/A,Cash
"Computer Software","34SP.COM LTD          	ON 04 APR BDC",11.95,07/04/2025,,N/A,Cash
"Computer Software","Google GSUITE_360f    IRELAND	ON 01 APR BDC",36.00,02/04/2025,,N/A,Cash
"Computer Software","962Pin* Loandisk      AUSTRALIA	AMOUNT IN US",102.34,20/03/2025,,N/A,Cash
"Grove Park Finance Commission",,1500.00,23/05/2025,,1000044,"Starling Bank"
"Grove Park Finance Commission",,1500.00,23/05/2025,,1000043,"Starling Bank"
"Computer Software","Google GSUITE_360f    IRELAND	ON 01 JUN BDC",36.00,02/06/2025,,N/A,Cash
"Computer Software","252Pin* Loandisk      AUSTRALIA	AMOUNT IN US",100.13,20/05/2025,,N/A,Cash
"Computer Software","34SP.COM LTD          	ON 04 MAY BDC",11.95,06/05/2025,,N/A,Cash
"Computer Software","719Pin* Loandisk      AUSTRALIA	AMOUNT IN US",99.06,20/06/2025,,N/A,Cash
"Computer Software","34SP.COM LTD          	ON 04 JUN BDC",11.95,06/06/2025,,N/A,Cash
"Computer Software","855Pin* Loandisk      AUSTRALIA	AMOUNT IN US",98.93,21/07/2025,,N/A,Cash
"Computer Software","34SP.COM LTD          	ON 04 JUL BDC",11.95,07/07/2025,,N/A,Cash
"Computer Software","Google GSUITE_360f    IRELAND	ON 01 JUL BDC",36.00,02/07/2025,,N/A,Cash
"Expense - A Whitwam",,520.65,01/10/2025,"
			
        	Andy Whitwam Mileage  Expenses 360 Funding Ltd.xlsx
                    ",N/A,"Starling Bank"
"Computer Software","34SP.COM LTD          	ON 04 OCT BDC",11.95,06/10/2025,,N/A,Cash
"Computer Software","Google GSUITE_360f    IRELAND	ON 01 OCT BDC",42.00,02/10/2025,,N/A,Cash
"Computer Software","381Pin* Loandisk      AUSTRALIA	AMOUNT IN US",98.48,22/09/2025,,N/A,Cash
"Legal and Professional Fees","WWW.ICO.ORG.UK        	ON 11 SEP BDC",52.00,12/09/2025,,N/A,Cash
"Computer Software","34SP.COM LTD          	ON 04 SEP BDC",11.95,08/09/2025,,N/A,Cash
"Computer Software","Google GSUITE_360f    IRELAND	ON 01 SEP BDC",42.00,02/09/2025,,N/A,Cash
"Computer Software","865Pin* Loandisk      AUSTRALIA	AMOUNT IN US",98.37,20/08/2025,,N/A,Cash
"Computer Software","34SP.COM LTD          	ON 04 AUG BDC",11.95,06/08/2025,,N/A,Cash
"Computer Software","Google GSUITE_360f    IRELAND	ON 01 AUG BDC",40.45,04/08/2025,,N/A,Cash
"Expense - A Whitwam","Oct Expenses (file to follow)",521.20,03/11/2025,,N/A,"Starling Bank"
"Expense - A Whitwam","Nov26 Expenses",496.00,02/12/2025,,N/A,"Starling Bank"
"Computer Software","403Pin* Loandisk         Coomera      AU",44.04,21/10/2025,,N/A,Cash
"Expense - A Pearse","To Andrew Pearse, Expenses",511.40,31/10/2025,,N/A,Cash
"Computer Software","Google GSUITE_360funds.coDublin       IE",42.00,02/11/2025,,N/A,Cash
"Computer Software","34SP.com Ltd             Prestwich    GB",11.95,06/11/2025,,N/A,Cash
"Expense - A Pearse","To Andrew Pearse, November expenses",488.50,30/11/2025,,N/A,Cash
"Legal and Professional Fees","To Shared Equity Limited, VO18826",34.00,02/12/2025,,N/A,Cash
"Legal and Professional Fees","To Shared Equity Limited, VO18841",120.00,02/12/2025,,N/A,Cash
"Computer Software","Google GSUITE_360funds.coDublin       IE",42.00,02/12/2025,,N/A,Cash
"Computer Software","34SP.com Ltd             Prestwich    GB",11.95,06/12/2025,,N/A,Cash
"Computer Software","WWW.LOANDISK.COM         +61280056782 AU",96.85,06/12/2025,,N/A,Cash
"Expense - A Whitwam","204747 30919225       	OCT EXPENSE FT",18.00,03/11/2025,,N/A,Cash
"Computer Software","132Pin* Loandisk      AUSTRALIA	AMOUNT IN US",99.00,20/10/2025,,N/A,Cash
"Grove Park Finance Commission",,1000.00,12/12/2025,,1000047,"Starling Bank"
